{
  "project_info": {
    "project_number": "235309952737",
    "firebase_url": "https://andrios-270c6.firebaseio.com",
    "project_id": "andrios-270c6",
    "storage_bucket": "andrios-270c6.appspot.com"
  },
  "client": [
    {
      "client_info": {
        "mobilesdk_app_id": "1:235309952737:android:4b7ec0d493ab8bad",
        "android_client_info": {
          "package_name": "com.example.android"
        }
      },
      "oauth_client": [
        {
          "client_id": "235309952737-91tiddfnlgoa9uit5rn1edujmjv8u0dc.apps.googleusercontent.com",
          "client_type": 1,
          "android_info": {
            "package_name": "com.example.android",
            "certificate_hash": "6db7203c5276cee804de8ebfe99b2340dcc51be8"
          }
        },
        {
          "client_id": "235309952737-4kkq7fbbnfjvgeqqme9jj597v95ab5oa.apps.googleusercontent.com",
          "client_type": 3
        }
      ],
      "api_key": [
        {
          "current_key": "AIzaSyBROplmbY_Cp34kXRf_Ksokrih8KBQWItQ"
        }
      ],
      "services": {
        "appinvite_service": {
          "other_platform_oauth_client": [
            {
              "client_id": "235309952737-4kkq7fbbnfjvgeqqme9jj597v95ab5oa.apps.googleusercontent.com",
              "client_type": 3
            }
          ]
        }
      }
    }
  ],
  "configuration_version": "1"
}